Material Name,Code,Dillution
Kephalis (Giv),806,10%
Phenyl Ethyl alcohol,571,10%
Ionone Beta*,561,1%
Methyl anthranilate*,146,10%
Cashmeran (IFF),683,1%
Vetiver oil (Haiti),913,10%
Florosa (Giv)*,672,10%
Raspberry ketone,327,10%
Vanillin,298,10%
Cis-3-Hexenyl Acetate*,972,1%
Castoreum Synth (Fir),693,1%
Ambroxide,783,10%
Ylang ylang flower oil*,921,10%
Galbex 183,542,1%
Magnolan (Sym),183,10%
Sandalore (Giv),891,10%
Cyclamen aldehyde*,347,1%
Lindenol*,523,10%
Aldehyde C-12 MNA*,248,1%
Methyl Laitone (Giv),843,1%
Aldehyde C-14 Peach*,508,10%
Muscenone (Fir),862,10%
Buchu leaf oil*,132,1%
Mandarin oil*,872,10%
Benzaldehyde*,946,1%
Green cognac oil,458,10%
Grapefruit oil*,923,10%
Labdanum Resinoid,287,10%
Lavender oil (Bulgaria)*,943,10%
Cis-jasmone*,763,1%
Fir needle oil siberia*,173,10%
Clary Sage oil*,472,10%
Roasted Barley Tincture,692,20%
Benzoin Siam resinoid,597,10%
Cassis Base 435B*,184,10%
Iso E Super (IFF),714,20%
Linalool*,532,10%
Hedione (Fir)*,214,100%
Patchouli oil,392,20%
Hydroxycitronellal,721,10%
Safranal*,952,1%
Styralyl acetate*,186,1%
Norlimbanol,526,10%
Macrolide Supra (Sym),802,10%
Suederal LT (IFF),169,10%
Cypriol Oil,847,10%
Pink Pepper oil*,312,10%
Vertenex,623,10%
Ethyl butyrate*,926,10%
Tobacco leaf absolute*,167,10%
Helvetolide (Fir),531,10%
Helional (IFF)*,486,10%
Anisaldehyde*,487,1%
Ethyl linalool*,516,10%
Lemon oil*,329,10%
Isoraldeine 95 (Giv)*,824,10%
Hedione HC*,467,20%
Bergamot oil bergaptene reduced*,159,10%
Melonal*,127,1%
Coumarin,459,10%
Fructone (IFF),624,10%
Cis-3-Hexenyl Salicylate,901,1%
Benzyl acetate,489,10%
Cis-3-Hexenol*,581,1%
Ethylene brassylate,896,10%
Linalyl acetate*,138,10%
Evernyl,794,10%
Dihydromyrcenol*,168,10%
Damascenone*,694,1%
Triplal (IFF)*,967,1%
Ambrettolide,754,10%
Benzyl salicylate,963,20%
Bacdanol (IFF),158,10%
Mint oil*,687,10%
Eucalyptus globulus oil*,276,10%
Rhubofix (Fir),519,1%
Galaxolide 50% in IPM,549,50%
Beta-damascone*,429,1%
Verdox (IFF),731,10%
Geraniol*,726,10%
Aldehyde C-10*,481,1%
Heliotropex N (IFF),367,10%
Ethyl maltol,643,10%
Hexyl Cinnamal*,826,10%
Guaiacwood oil,681,10%
Cinnamyl alcohol,512,10%
Calone (Fir),932,1%
Citronellol*,306,10%
Isoamyl isovalerate*,157,10%
Alpha-damascone*,217,1%
Allyl amyl glycolate,604,10%
Basil MC oil*,832,10%
Cinnamyl acetate*,907,10%
Geranyl acetate*,408,10%
Sweet orange peel oil*,941,20%
Petitgrain oil*,389,10%
Eugenol,401,1%
Frankincense resinoid,198,10%