"name","cas"
"Hexyl Cinnamaldehyde / Methyl Anthranilate Schiff's Base",""
"Tobacco leaf absolute*","8037-19-2"
"Petitgrain oil*","8014-17-3"
"Geranyl acetate*","105-87-3"
"Macrolide Supra (Sym)","106-02-5"
"Citronellol*","26489-01-0"
"Red Pepper Distillate",""
"Cedarwood oil virginia","8000-27-9"
"Vetiver oil (Haiti)","8016-96-4"
"Isoamyl isovalerate*","659-70-1"
"Styralyl acetate*","93-92-5"
"Indole","120-72-9"
"Geraniol*","106-24-1"
"Oud Samrat (Fir)",""
"Damascenone*","23696-85-7"
"Clearwood (Firmenich)","1450625-49-6"
"Ylang ylang flower oil*","8006-81-3"
"Ethyl butyrate*","105-54-4"
"Hedione (Fir)*","24851-98-7"
"Cinnamyl acetate*","103-54-8"
"Javanol (Giv)","198404-98-7"
"Tocopherol","10191-41-0"
"Raspberry ketone","5471-51-2"
"Aldehyde C-14 Peach*","104-67-6"
"Cashmeran (IFF)","33704-61-9"
"Ethyl maltol","4940-11-8"
"Anisaldehyde*","123-11-5"
"Cis-jasmone*","488-10-8"
"Lavender oil (Bulgaria)*","8000-28-0"
"Triplal (IFF)*","68039-49-6"
"Juniper berry tincture","84603-69-0"
"Allyl amyl glycolate","67634-00-8"
"Suederal LT (IFF)",""
"Eugenol","97-53-0"
"Cis-3-Hexenol*","928-96-1"
"Eucalyptus globulus oil*","8000-48-4"
"Red Pepper Tincture ",""
"Magnolan (Sym)","27606-09-3"
"Aurantiol*","89-43-0"
"Vanillin","121-33-5"
"Ethylene brassylate","105-95-3"
"Ethyl linalool*","10339-55-6"
"Benzyl acetate","140-11-4"
"Chlorophyllin","chlorophyllin coppered trisodium"
"Lilyflore (Fir)","285977-85-7"
"Citral / Methyl Anthranilate Schiff's Base*","67801-47-2"
"Aldehyde C-12 MNA / Methyl Anthranilate Schiff Base",""
"Grapefruit oil*","8016-20-4"
"Indolene","67860-00-8"
"Pink Pepper oil*","949495-68-5"
"Cypriol Oil","91771-62-9"
"Hydroxycitronellal","107-75-5"
"Mint oil*","8008-79-5"
"Calone (Fir)","28940-11-6"
"Basil MC oil*","84775-71-3"
"Safranal*","116-26-7"
"Dihydro Jasmone","1128-08-1"
"Frankincense resinoid","8050-07-5"
"Florosa (Giv)*","63500-71-0"
"Linalyl acetate*","115-95-7"
"Citral*","5392-40-5"
"Castoreum Synth (Fir)",""
"Sweet orange peel oil*","8008-57-9"
"Hedione HC*","24851-98-7"
"Isobutyl quinoline (Sym)","65442-31-1"
"Vertofix Coeur (IFF)","32388-55-9"
"Helional / Methyl Anthranilate Schiff's Base","104037-85-6"
"Vetiveryl acetate","62563-80-8"
"Heliotropex N (IFF)",""
"Mayol  (Fir)","5502-75-0"
"Methyl anthranilate*","134-20-3"
"Bergamot oil bergaptene reduced*","68648-33-9"
"Kephalis (Giv)","36306-87-3"
"Clary Sage oil*","8016-63-5"
"Iso E Super (IFF)","54464-57-2"
"Fir needle oil siberia*","8021-29-2"
"Aldehyde C-12 MNA*","110-41-8"
"Ambrettolide","7779-50-2"
"Fructone (IFF)","6413-10-1"
"Galaxolide 50% in IPM","1222-05-5"
"Galbex 183",""
"Methyl Laitone (Giv)","94201-19-1"
"Ambermax (Giv)","1001252-30-7"
"Green cognac oil","8016-21-5"
"Benzaldehyde*","100-52-7"
"Cassis Base 435B*",""
"Benzyl salicylate","118-58-1"
"Linalool*","78-70-6"
"Alpha-damascone*","43052-87-5"
"Aldehyde C-10*","112-31-2"
"Jasmin Sambac Replacer",""
"Bacdanol (IFF)","28219-61-6 (Z)"
"Lindenol*","98-55-5"
"Patchouli oil","8014-09-3"
"Roasted Barley Tincture",""
"Isoraldeine 95 (Giv)*","1335-46-2"
"Cis-3-Hexenyl Acetate*","3681-71-8"
"Verdox (IFF)","88-41-5"
"Benzoin Siam resinoid","9000-72-0"
"Myrrh Gum Tincture","8016-37-3"
"Hexyl Cinnamal*","101-86-0"
"Ethanol","64-17-5"
"Guaiacwood oil","8016-23-7"
"Cis-3-Hexenyl Salicylate","65405-77-8"
"Dihydromyrcenol*","18479-58-8"
"Cinnamyl alcohol","104-54-1"
"Ambroxide","65588-69-4"
"Buchu leaf oil*","84649-93-4"
"Tonalide","21145-77-7"
"Rhubofix (Fir)","41816-03-9"
"Iso-Eugenol","97-54-1"
"Lyral Replacer 01","31906-04-4"
"Roasted Rice Tincture","68553-81-1"
"Melonal / Methyl Anthranilate Schiff's Base",""
"Cyclamen aldehyde*","103-95-7"
"Lemon oil*","8008-56-8"
"Helvetolide (Fir)","141773-73-1"
"Dipropylene glycol","25265-71-8"
"Sandalore (Giv)","65113-99-7"
"Phenyl Ethyl alcohol","60-12-8"
"Evernyl","4707-47-5"
"Ionone Beta*","14901-07-6"
"Habanolide (Fir)","111879-80-2"
"Helional (IFF)*","1205-17-0"
"Coumarin","91-64-5"
"Seaweed Tincture (Bifucaria)",""
"Melonal*","106-72-9"
"Mandarin oil*","8008-31-9"
"Beta-damascone*","35044-68-9"
"Norlimbanol","70788-30-6"
"Labdanum Resinoid","89997-74-0"
"Birch tar oil","8001-88-5"
"Cedramber (IFF)","19870-74-7"
"Muscenone (Fir)","36399-15-2"
"Vertenex","32210-23-4"
